rho,betak1,wbetak1,Lk1,wLk1,gammak1,wgammak1,betak2,wbetak2,Lk2,wLk2,gammak2,wgammak2,psii1,wpsii1,Li1,wLi1,gammai1,wgammai1,psii2,wpsii2,Li2,wLi2,gammai2,wgammai2,psii3,wpsii3,Li3,wLi3,gammai3,wgammai3,psii4,wpsii4,Li4,wLi4,gammai4,wgammai4,psii5,wpsii5,Li5,wLi5,gammai5,wgammai5,psii6,wpsii6,Li6,wLi6,gammai6,wgammai6,psii7,wpsii7,Li7,wLi7,gammai7,wgammai7,psii8,wpsii8,Li8,wLi8,gammai8,wgammai8,psii9,wpsii9,Li9,wLi9,gammai9,wgammai9,psii10,wpsii10,Li10,wLi10,gammai10,wgammai10,beta,wbeta,eta,weta,L,wL,gamma,wgamma
2.000000e-01,0.000000e+00,0.000000e+00,4.532119e-01,4.672559e-05,8.826135e-01,9.120186e-05,0.000000e+00,0.000000e+00,1.974735e+00,1.456549e-04,8.102465e-01,5.972268e-05,8.683129e-01,1.054555e-05,1.481924e-01,2.224310e-05,8.886606e-01,1.163099e-04,8.681666e-01,1.025219e-05,1.490725e-01,2.171308e-05,8.843941e-01,1.148175e-04,8.680974e-01,1.044943e-05,1.494472e-01,2.455263e-05,8.826491e-01,1.229565e-04,7.701270e-01,1.123051e-05,2.836823e-01,2.918023e-05,8.103384e-01,8.548268e-05,7.703884e-01,1.086690e-05,2.833263e-01,4.407157e-05,8.104611e-01,1.231299e-04,7.704617e-01,1.369804e-05,2.833898e-01,4.512473e-05,8.100156e-01,1.100399e-04,7.706792e-01,1.259881e-05,2.830874e-01,3.489866e-05,8.100957e-01,8.728900e-05,7.706391e-01,1.149304e-05,2.829095e-01,3.439284e-05,8.107486e-01,9.457376e-05,7.704449e-01,1.145127e-05,2.832538e-01,4.158449e-05,8.104583e-01,1.012063e-04,7.707288e-01,1.213218e-05,2.815860e-01,2.930176e-05,8.142331e-01,8.408795e-05,0.000000e+00,0.000000e+00,2.001954e-01,7.062987e-06,2.427947e+00,1.536951e-04,8.237496e-01,5.209363e-05
4.000000e-01,0.000000e+00,0.000000e+00,1.036726e+00,1.248887e-04,7.716885e-01,9.286173e-05,0.000000e+00,0.000000e+00,5.036100e+00,2.759169e-04,6.354173e-01,3.484492e-05,7.357818e-01,2.344741e-05,3.406434e-01,5.398732e-05,7.756734e-01,8.363856e-05,7.358890e-01,2.064144e-05,3.399361e-01,6.499934e-05,7.770013e-01,1.295068e-04,7.354313e-01,2.513399e-05,3.405245e-01,5.274563e-05,7.769797e-01,1.101845e-04,5.398902e-01,3.063734e-05,7.221726e-01,8.575013e-05,6.371388e-01,7.696292e-05,5.401138e-01,2.172944e-05,7.225704e-01,7.636855e-05,6.364739e-01,6.213238e-05,5.406870e-01,2.561055e-05,7.219824e-01,9.040107e-05,6.362064e-01,8.037150e-05,5.405359e-01,2.863369e-05,7.226998e-01,1.006535e-04,6.357852e-01,7.634566e-05,5.405329e-01,2.140594e-05,7.217798e-01,1.179579e-04,6.366126e-01,9.243622e-05,5.405578e-01,2.736793e-05,7.210500e-01,9.358295e-05,6.372042e-01,6.424484e-05,5.406761e-01,2.183118e-05,7.194672e-01,7.816245e-05,6.384379e-01,6.215291e-05,0.000000e+00,0.000000e+00,4.009904e-01,1.443859e-05,6.072826e+00,3.457449e-04,6.586774e-01,3.751114e-05
6.000000e-01,0.000000e+00,0.000000e+00,1.797135e+00,2.402748e-04,6.677602e-01,8.898742e-05,3.324507e-06,1.013616e-07,1.014516e+01,1.278911e-03,4.731499e-01,5.939478e-05,6.026916e-01,3.110408e-05,5.896497e-01,8.673517e-05,6.738292e-01,7.835047e-05,6.030879e-01,3.811296e-05,5.909241e-01,1.361350e-04,6.717439e-01,1.159446e-04,6.033049e-01,3.506552e-05,5.906363e-01,9.954523e-05,6.716775e-01,1.006290e-04,3.102155e-01,4.057679e-05,1.454901e+00,2.218223e-04,4.741338e-01,6.321625e-05,3.112728e-01,4.661985e-05,1.452827e+00,2.626254e-04,4.740876e-01,6.242382e-05,3.118097e-01,4.056902e-05,1.451055e+00,2.166475e-04,4.742908e-01,6.171701e-05,3.124875e-01,5.137113e-05,1.454952e+00,2.006696e-04,4.725477e-01,4.978885e-05,3.111766e-01,3.934628e-05,1.451809e+00,2.413239e-04,4.744828e-01,5.854924e-05,3.106124e-01,4.828031e-05,1.454878e+00,2.386792e-04,4.738692e-01,6.153776e-05,3.114313e-01,5.029562e-05,1.450658e+00,2.122748e-04,4.746760e-01,4.963641e-05,2.659606e-06,8.108932e-08,6.011910e-01,2.675821e-05,1.194229e+01,1.279915e-03,5.024296e-01,5.365450e-05
8.000000e-01,3.976262e-07,5.482915e-08,2.821362e+00,4.376327e-04,5.671369e-01,8.796774e-05,8.238207e-03,1.183330e-05,2.168374e+01,3.050815e-03,2.927360e-01,4.267906e-05,4.694661e-01,3.011077e-05,9.287636e-01,1.917058e-04,5.712766e-01,9.790725e-05,4.680572e-01,4.393226e-05,9.332619e-01,1.926660e-04,5.700291e-01,9.472577e-05,4.685060e-01,3.681106e-05,9.333236e-01,1.759444e-04,5.695042e-01,8.859141e-05,9.117097e-02,3.692445e-05,3.100456e+00,4.298837e-04,2.931384e-01,3.106667e-05,9.075272e-02,4.036508e-05,3.097417e+00,4.604060e-04,2.935632e-01,3.512644e-05,9.156006e-02,3.868494e-05,3.096673e+00,4.868048e-04,2.933752e-01,3.851490e-05,9.109794e-02,5.255058e-05,3.101219e+00,4.883903e-04,2.930920e-01,3.343583e-05,9.044717e-02,3.563658e-05,3.102625e+00,4.407872e-04,2.931701e-01,4.028383e-05,9.038291e-02,3.907770e-05,3.103156e+00,4.519649e-04,2.931390e-01,3.439716e-05,9.018956e-02,3.784549e-05,3.108206e+00,4.498472e-04,2.927248e-01,3.429969e-05,6.590645e-03,9.465198e-06,7.958369e-01,2.328120e-05,2.450510e+01,3.084186e-03,3.243246e-01,4.199110e-05
1.000000e+00,1.853192e-04,1.163387e-06,4.334822e+00,7.506924e-04,4.613300e-01,7.961868e-05,1.308725e-01,3.382867e-05,3.589952e+01,1.409545e-03,1.936813e-01,1.364669e-05,3.338899e-01,6.248370e-05,1.436491e+00,2.814129e-04,4.637370e-01,6.880826e-05,3.337043e-01,5.343149e-05,1.438960e+00,2.836347e-04,4.630740e-01,7.342198e-05,3.335164e-01,5.057381e-05,1.437380e+00,2.597619e-04,4.637091e-01,7.012547e-05,4.934066e-03,9.899562e-06,5.127563e+00,1.978221e-04,1.940628e-01,6.416812e-06,5.027123e-03,8.029201e-06,5.125994e+00,2.127149e-04,1.941042e-01,7.323451e-06,5.008610e-03,1.002686e-05,5.128397e+00,2.023258e-04,1.940167e-01,6.462401e-06,4.854115e-03,9.221408e-06,5.132660e+00,1.979413e-04,1.938857e-01,6.935386e-06,4.871045e-03,7.958367e-06,5.134619e+00,2.061273e-04,1.938085e-01,7.120221e-06,4.974604e-03,9.623832e-06,5.135477e+00,2.194915e-04,1.937560e-01,7.211217e-06,4.802928e-03,9.391844e-06,5.136796e+00,2.362116e-04,1.937398e-01,7.892725e-06,1.047351e-01,2.694330e-05,8.964417e-01,1.493114e-05,4.023434e+01,1.658357e-03,2.225141e-01,1.425543e-05
1.200000e+00,3.562950e-03,6.128930e-06,6.652956e+00,1.539835e-03,3.595066e-01,8.388149e-05,2.746216e-01,3.074244e-05,3.930219e+01,5.994865e-04,1.771821e-01,9.868330e-06,2.056022e-01,6.112944e-05,2.187860e+00,5.216784e-04,3.631333e-01,6.698875e-05,2.052395e-01,5.237099e-05,2.186007e+00,5.123195e-04,3.636060e-01,6.537466e-05,2.062911e-01,6.547780e-05,2.186777e+00,4.789772e-04,3.629893e-01,5.781597e-05,2.424656e-04,2.223528e-06,5.626731e+00,8.203722e-05,1.776801e-01,2.532734e-06,2.850885e-04,1.507560e-06,5.624393e+00,8.730166e-05,1.777464e-01,2.763119e-06,2.718866e-04,1.645354e-06,5.626039e+00,8.567569e-05,1.776967e-01,2.545408e-06,2.594136e-04,2.073331e-06,5.628282e+00,9.300222e-05,1.776281e-01,2.832867e-06,2.475655e-04,1.141556e-06,5.628999e+00,8.499031e-05,1.776076e-01,2.654147e-06,3.040688e-04,1.407987e-06,5.629193e+00,8.871538e-05,1.775914e-01,2.765171e-06,2.516311e-04,1.753647e-06,5.630865e+00,9.886619e-05,1.775481e-01,2.965928e-06,2.204099e-01,2.448257e-05,9.381005e-01,1.525265e-05,4.595515e+01,1.563538e-03,2.035707e-01,1.108411e-05
1.400000e+00,2.098461e-02,1.529822e-05,9.803112e+00,1.384101e-03,2.796450e-01,4.176033e-05,3.821752e-01,3.222244e-05,4.005243e+01,3.523376e-04,1.727646e-01,9.971766e-06,1.031764e-01,5.380626e-05,3.152714e+00,4.515708e-04,2.844721e-01,3.362100e-05,1.029426e-01,5.292220e-05,3.153477e+00,4.527077e-04,2.844772e-01,3.248276e-05,1.038125e-01,5.400497e-05,3.151118e+00,4.323542e-04,2.844130e-01,3.098987e-05,4.364221e-05,6.166258e-07,5.770602e+00,4.662770e-05,1.732846e-01,1.399095e-06,2.901650e-05,5.294357e-07,5.770416e+00,5.740344e-05,1.732928e-01,1.706403e-06,3.753222e-05,7.131074e-07,5.770370e+00,4.602808e-05,1.732926e-01,1.397715e-06,2.931872e-05,3.925234e-07,5.772312e+00,3.458217e-05,1.732358e-01,1.016382e-06,2.709316e-05,5.676208e-07,5.770905e+00,3.626451e-05,1.732784e-01,1.099739e-06,2.902666e-05,4.036629e-07,5.771322e+00,4.422142e-05,1.732655e-01,1.303521e-06,3.297448e-05,6.960850e-07,5.772305e+00,4.151663e-05,1.732353e-01,1.264024e-06,3.099371e-01,2.681307e-05,9.689840e-01,1.295897e-05,4.985554e+01,1.310079e-03,1.937780e-01,1.077602e-05
1.600000e+00,6.278684e-02,2.901604e-05,1.296532e+01,1.163129e-03,2.313218e-01,2.704018e-05,4.652779e-01,1.958397e-05,4.007972e+01,2.185514e-04,1.707708e-01,6.529112e-06,4.230829e-02,2.453939e-05,4.060213e+00,3.783895e-04,2.358768e-01,1.945478e-05,4.316231e-02,3.590367e-05,4.062063e+00,4.183695e-04,2.355594e-01,1.902530e-05,4.293720e-02,2.813913e-05,4.059236e+00,3.403245e-04,2.357778e-01,1.822651e-05,2.369887e-06,1.378616e-07,5.838573e+00,2.390193e-05,1.712743e-01,6.985637e-07,5.903532e-06,1.776407e-07,5.838348e+00,2.371114e-05,1.712803e-01,6.923218e-07,4.915496e-06,1.677138e-07,5.838286e+00,2.083747e-05,1.712823e-01,6.022282e-07,3.949710e-06,1.556098e-07,5.838899e+00,2.364637e-05,1.712645e-01,6.952611e-07,8.501000e-06,2.820991e-07,5.836047e+00,2.552552e-05,1.713474e-01,7.494415e-07,5.910095e-06,2.157815e-07,5.836718e+00,2.177426e-05,1.713281e-01,6.423120e-07,5.730469e-06,2.152730e-07,5.836657e+00,2.493090e-05,1.713300e-01,7.338153e-07,3.847797e-01,1.882719e-05,9.871555e-01,6.783353e-06,5.304504e+01,1.119564e-03,1.855695e-01,7.932765e-06
1.800000e+00,1.218993e-01,4.082090e-05,1.536684e+01,1.653231e-03,2.057214e-01,3.028626e-05,5.300338e-01,1.692148e-05,3.983328e+01,5.432911e-04,1.698961e-01,6.526196e-06,1.638107e-02,1.735126e-05,4.692062e+00,4.015504e-04,2.096380e-01,1.521641e-05,1.649446e-02,2.223950e-05,4.691698e+00,4.429513e-04,2.096306e-01,1.622264e-05,1.655324e-02,2.173129e-05,4.691123e+00,3.871894e-04,2.096429e-01,1.421819e-05,0.000000e+00,0.000000e+00,5.876536e+00,1.601567e-05,1.701683e-01,4.637363e-07,2.787328e-06,1.360861e-07,5.876742e+00,1.908536e-05,1.701618e-01,5.562049e-07,1.787366e-06,1.119590e-07,5.877004e+00,1.775994e-05,1.701544e-01,5.169895e-07,0.000000e+00,0.000000e+00,5.877244e+00,2.491702e-05,1.701478e-01,7.213483e-07,0.000000e+00,0.000000e+00,5.872609e+00,1.742506e-05,1.702821e-01,5.052634e-07,2.980616e-06,1.397685e-07,5.872423e+00,1.624632e-05,1.702870e-01,4.701154e-07,9.858239e-07,8.464759e-08,5.872676e+00,1.296322e-05,1.702799e-01,3.742935e-07,4.484069e-01,1.766330e-05,9.950563e-01,4.756816e-06,5.520012e+01,1.227373e-03,1.798673e-01,8.459379e-06
2.000000e+00,1.824150e-01,3.070686e-05,1.691629e+01,8.962913e-04,1.933265e-01,1.399646e-05,5.812868e-01,1.443195e-05,3.957261e+01,4.226379e-04,1.692942e-01,6.162226e-06,6.368970e-03,9.212453e-06,5.067925e+00,2.307527e-04,1.960636e-01,7.932711e-06,6.340475e-03,1.082038e-05,5.064520e+00,2.244616e-04,1.962009e-01,7.053719e-06,6.598495e-03,1.055150e-05,5.064195e+00,2.234336e-04,1.961626e-01,7.467633e-06,0.000000e+00,0.000000e+00,5.901222e+00,1.752043e-05,1.694564e-01,5.030768e-07,0.000000e+00,0.000000e+00,5.901037e+00,1.322795e-05,1.694617e-01,3.798700e-07,0.000000e+00,0.000000e+00,5.901266e+00,1.663343e-05,1.694552e-01,4.775909e-07,8.033903e-07,7.753016e-08,5.901385e+00,1.252673e-05,1.694516e-01,3.631260e-07,0.000000e+00,0.000000e+00,5.895810e+00,1.137938e-05,1.696120e-01,3.273673e-07,0.000000e+00,0.000000e+00,5.895837e+00,1.625214e-05,1.696112e-01,4.675254e-07,0.000000e+00,0.000000e+00,5.895701e+00,1.181172e-05,1.696151e-01,3.398467e-07,5.015125e-01,1.463185e-05,9.980691e-01,2.506586e-06,5.648890e+01,6.168363e-04,1.764905e-01,5.813101e-06
2.200000e+00,2.400106e-01,2.280523e-05,1.798085e+01,7.128379e-04,1.859740e-01,1.054892e-05,6.223650e-01,1.138504e-05,3.931159e+01,5.305685e-04,1.690693e-01,6.101397e-06,2.795725e-03,8.263378e-06,5.296351e+00,1.582424e-04,1.882818e-01,5.336119e-06,2.826794e-03,7.269650e-06,5.295186e+00,1.483148e-04,1.883173e-01,4.628525e-06,2.875418e-03,7.334690e-06,5.295351e+00,1.435328e-04,1.883022e-01,4.767684e-06,0.000000e+00,0.000000e+00,5.917857e+00,9.608003e-06,1.689801e-01,2.743586e-07,1.995835e-06,1.179472e-07,5.917568e+00,1.142989e-05,1.689880e-01,3.238447e-07,0.000000e+00,0.000000e+00,5.917858e+00,8.375884e-06,1.689801e-01,2.391629e-07,0.000000e+00,0.000000e+00,5.917699e+00,1.114300e-05,1.689846e-01,3.182050e-07,0.000000e+00,0.000000e+00,5.911676e+00,9.535846e-06,1.691568e-01,2.728538e-07,0.000000e+00,0.000000e+00,5.911409e+00,1.275894e-05,1.691644e-01,3.651179e-07,0.000000e+00,0.000000e+00,5.911484e+00,8.520101e-06,1.691623e-01,2.438043e-07,5.458941e-01,9.836356e-06,9.991500e-01,1.853054e-06,5.729244e+01,4.314618e-04,1.743743e-01,4.183145e-06
2.400000e+00,2.915546e-01,3.225984e-05,1.869871e+01,7.347670e-04,1.818606e-01,1.301643e-05,6.558655e-01,1.217144e-05,3.910622e+01,5.364065e-04,1.689598e-01,5.460303e-06,1.263732e-03,4.080098e-06,5.441756e+00,1.094347e-04,1.835322e-01,3.496653e-06,1.355780e-03,4.448663e-06,5.439346e+00,1.193045e-04,1.835966e-01,3.882912e-06,1.286892e-03,6.418274e-06,5.438451e+00,1.046949e-04,1.836394e-01,3.176993e-06,7.988018e-07,7.708735e-08,5.929393e+00,9.083541e-06,1.686512e-01,2.550724e-07,0.000000e+00,0.000000e+00,5.929119e+00,8.007375e-06,1.686591e-01,2.277820e-07,0.000000e+00,0.000000e+00,5.929255e+00,8.191901e-06,1.686552e-01,2.330264e-07,0.000000e+00,0.000000e+00,5.929177e+00,6.505109e-06,1.686575e-01,1.850324e-07,0.000000e+00,0.000000e+00,5.922958e+00,1.112718e-05,1.688346e-01,3.171860e-07,0.000000e+00,0.000000e+00,5.922833e+00,9.947494e-06,1.688381e-01,2.835584e-07,0.000000e+00,0.000000e+00,5.922643e+00,6.866196e-06,1.688435e-01,1.957427e-07,5.830034e-01,1.176936e-05,9.996093e-01,8.617088e-07,5.780493e+01,2.985926e-04,1.731327e-01,5.287309e-06
2.600000e+00,3.371026e-01,3.498180e-05,1.923776e+01,6.681253e-04,1.791833e-01,1.391286e-05,6.838464e-01,1.374787e-05,3.892182e+01,5.005031e-04,1.689540e-01,7.798436e-06,5.765884e-04,2.643838e-06,5.539491e+00,9.990135e-05,1.804181e-01,3.273623e-06,6.601959e-04,2.393736e-06,5.536816e+00,1.018585e-04,1.804901e-01,3.242750e-06,5.708018e-04,3.061741e-06,5.536623e+00,8.927619e-05,1.805125e-01,2.816702e-06,0.000000e+00,0.000000e+00,5.937883e+00,9.729403e-06,1.684102e-01,2.759504e-07,7.923459e-07,7.646434e-08,5.938019e+00,5.900074e-06,1.684062e-01,1.649663e-07,0.000000e+00,0.000000e+00,5.938068e+00,1.181552e-05,1.684049e-01,3.350969e-07,0.000000e+00,0.000000e+00,5.938011e+00,6.792799e-06,1.684066e-01,1.926490e-07,0.000000e+00,0.000000e+00,5.931737e+00,9.220622e-06,1.685847e-01,2.620582e-07,0.000000e+00,0.000000e+00,5.931505e+00,1.035406e-05,1.685913e-01,2.942886e-07,7.991210e-07,7.711815e-08,5.931431e+00,8.884975e-06,1.685932e-01,2.549323e-07,6.144977e-01,1.333699e-05,9.998191e-01,4.452647e-07,5.815958e+01,2.606244e-04,1.723373e-01,6.418456e-06
2.800000e+00,3.777077e-01,2.657672e-05,1.962361e+01,6.047817e-04,1.775846e-01,1.125340e-05,7.077227e-01,1.018604e-05,3.878676e+01,5.025309e-04,1.687951e-01,5.754671e-06,3.638002e-04,2.408211e-06,5.606521e+00,9.061586e-05,1.782990e-01,2.683208e-06,3.247697e-04,2.220155e-06,5.604489e+00,7.912333e-05,1.783705e-01,2.507780e-06,3.538964e-04,1.860381e-06,5.604852e+00,9.203436e-05,1.783538e-01,2.874940e-06,0.000000e+00,0.000000e+00,5.944655e+00,8.922591e-06,1.682183e-01,2.524892e-07,0.000000e+00,0.000000e+00,5.944777e+00,6.722146e-06,1.682149e-01,1.902144e-07,0.000000e+00,0.000000e+00,5.944754e+00,7.345637e-06,1.682155e-01,2.078574e-07,0.000000e+00,0.000000e+00,5.944676e+00,9.139597e-06,1.682178e-01,2.586393e-07,0.000000e+00,0.000000e+00,5.938667e+00,9.049311e-06,1.683880e-01,2.566040e-07,0.000000e+00,0.000000e+00,5.938586e+00,7.051061e-06,1.683902e-01,1.999266e-07,0.000000e+00,0.000000e+00,5.938389e+00,7.303926e-06,1.683958e-01,2.071173e-07,6.417197e-01,1.151424e-05,9.998958e-01,4.593774e-07,5.841037e+01,2.380020e-04,1.717478e-01,5.848170e-06
3.000000e+00,4.151784e-01,2.759659e-05,1.995139e+01,7.464928e-04,1.758748e-01,1.180628e-05,7.279707e-01,1.051898e-05,3.865764e+01,6.648454e-04,1.688854e-01,8.150693e-06,1.885750e-04,1.392394e-06,5.660236e+00,5.468251e-05,1.766378e-01,1.616819e-06,1.894903e-04,1.560818e-06,5.658362e+00,6.619496e-05,1.766962e-01,2.084061e-06,1.972687e-04,1.345314e-06,5.657941e+00,6.250548e-05,1.767079e-01,1.916560e-06,0.000000e+00,0.000000e+00,5.950066e+00,6.422596e-06,1.680654e-01,1.814186e-07,0.000000e+00,0.000000e+00,5.950069e+00,7.289174e-06,1.680653e-01,2.058943e-07,0.000000e+00,0.000000e+00,5.950180e+00,8.046598e-06,1.680622e-01,2.272737e-07,0.000000e+00,0.000000e+00,5.950138e+00,6.435892e-06,1.680633e-01,1.817812e-07,0.000000e+00,0.000000e+00,5.944070e+00,8.998235e-06,1.682349e-01,2.546648e-07,0.000000e+00,0.000000e+00,5.944121e+00,6.004583e-06,1.682334e-01,1.699383e-07,0.000000e+00,0.000000e+00,5.943850e+00,6.365732e-06,1.682411e-01,1.801875e-07,6.654122e-01,9.891042e-06,9.999425e-01,2.839476e-07,5.860903e+01,1.657609e-04,1.712643e-01,5.284948e-06
3.200000e+00,4.472632e-01,2.301181e-05,2.020224e+01,5.221724e-04,1.751056e-01,1.015997e-05,7.456471e-01,8.429232e-06,3.855401e+01,4.769479e-04,1.688913e-01,6.339304e-06,1.052950e-04,8.230238e-07,5.698760e+00,6.159354e-05,1.754583e-01,1.882878e-06,1.222643e-04,1.137095e-06,5.697343e+00,4.743385e-05,1.754990e-01,1.425705e-06,1.323079e-04,1.526397e-06,5.696345e+00,4.611878e-05,1.755280e-01,1.411135e-06,0.000000e+00,0.000000e+00,5.954461e+00,5.976073e-06,1.679413e-01,1.685522e-07,0.000000e+00,0.000000e+00,5.954455e+00,6.962424e-06,1.679415e-01,1.963730e-07,0.000000e+00,0.000000e+00,5.954559e+00,6.538113e-06,1.679386e-01,1.843991e-07,0.000000e+00,0.000000e+00,5.954509e+00,5.999526e-06,1.679399e-01,1.692067e-07,0.000000e+00,0.000000e+00,5.948737e+00,5.814936e-06,1.681029e-01,1.643238e-07,0.000000e+00,0.000000e+00,5.948596e+00,4.736495e-06,1.681069e-01,1.338468e-07,0.000000e+00,0.000000e+00,5.948484e+00,5.454324e-06,1.681101e-01,1.541455e-07,6.859703e-01,8.833857e-06,9.999640e-01,2.233031e-07,5.875625e+01,1.288397e-04,1.710278e-01,5.035252e-06
3.400000e+00,4.762103e-01,2.816571e-05,2.042230e+01,5.843731e-04,1.744065e-01,1.182906e-05,7.613069e-01,8.509732e-06,3.845625e+01,5.344701e-04,1.688270e-01,5.696742e-06,7.192881e-05,7.648952e-07,5.730426e+00,4.104138e-05,1.744946e-01,1.202633e-06,7.552659e-05,1.026877e-06,5.729113e+00,5.205652e-05,1.745339e-01,1.547589e-06,7.967558e-05,8.991992e-07,5.728502e+00,4.974605e-05,1.745518e-01,1.548129e-06,0.000000e+00,0.000000e+00,5.958196e+00,5.954974e-06,1.678360e-01,1.677322e-07,0.000000e+00,0.000000e+00,5.958236e+00,5.371029e-06,1.678349e-01,1.512947e-07,7.996162e-07,7.716594e-08,5.958211e+00,5.435935e-06,1.678355e-01,1.537152e-07,0.000000e+00,0.000000e+00,5.958250e+00,4.594133e-06,1.678345e-01,1.294052e-07,0.000000e+00,0.000000e+00,5.952668e+00,6.258244e-06,1.679919e-01,1.766110e-07,0.000000e+00,0.000000e+00,5.952507e+00,5.814071e-06,1.679964e-01,1.640894e-07,0.000000e+00,0.000000e+00,5.952439e+00,5.800723e-06,1.679984e-01,1.637123e-07,7.042876e-01,9.304392e-06,9.999772e-01,1.697703e-07,5.887855e+01,1.253117e-04,1.707621e-01,5.583635e-06
3.600000e+00,5.024927e-01,2.702390e-05,2.060598e+01,6.071075e-04,1.738362e-01,1.241084e-05,7.750526e-01,8.223032e-06,3.837271e+01,5.152576e-04,1.688305e-01,5.295189e-06,3.377065e-05,4.871345e-07,5.756423e+00,4.234106e-05,1.737131e-01,1.256336e-06,4.019915e-05,7.463333e-07,5.754698e+00,6.044685e-05,1.737641e-01,1.795579e-06,4.394185e-05,5.594882e-07,5.754414e+00,5.449483e-05,1.737720e-01,1.647182e-06,0.000000e+00,0.000000e+00,5.961345e+00,4.323396e-06,1.677474e-01,1.216574e-07,0.000000e+00,0.000000e+00,5.961299e+00,4.915288e-06,1.677487e-01,1.383124e-07,0.000000e+00,0.000000e+00,5.961323e+00,4.448653e-06,1.677480e-01,1.251831e-07,0.000000e+00,0.000000e+00,5.961369e+00,6.323732e-06,1.677467e-01,1.779490e-07,0.000000e+00,0.000000e+00,5.955996e+00,4.230074e-06,1.678980e-01,1.192449e-07,0.000000e+00,0.000000e+00,5.955942e+00,5.083713e-06,1.678996e-01,1.433133e-07,0.000000e+00,0.000000e+00,5.955888e+00,5.431273e-06,1.679011e-01,1.531102e-07,7.205406e-01,1.081247e-05,9.999882e-01,8.304353e-08,5.897870e+01,1.461598e-04,1.705792e-01,6.944615e-06
3.800000e+00,5.269119e-01,2.260070e-05,2.076053e+01,5.749201e-04,1.731882e-01,1.055999e-05,7.873470e-01,6.677647e-06,3.830087e+01,5.362403e-04,1.687861e-01,5.570773e-06,2.661581e-05,6.706413e-07,5.777522e+00,3.236890e-05,1.730800e-01,9.716848e-07,3.099402e-05,4.933955e-07,5.775837e+00,4.104819e-05,1.731297e-01,1.210810e-06,3.620595e-05,5.531896e-07,5.775702e+00,3.863553e-05,1.731329e-01,1.203241e-06,0.000000e+00,0.000000e+00,5.963979e+00,5.162701e-06,1.676733e-01,1.451496e-07,0.000000e+00,0.000000e+00,5.964076e+00,4.536486e-06,1.676706e-01,1.275373e-07,0.000000e+00,0.000000e+00,5.964005e+00,4.346686e-06,1.676726e-01,1.222056e-07,0.000000e+00,0.000000e+00,5.964039e+00,4.737759e-06,1.676716e-01,1.331970e-07,0.000000e+00,0.000000e+00,5.958798e+00,5.535638e-06,1.678191e-01,1.558959e-07,0.000000e+00,0.000000e+00,5.958734e+00,4.861160e-06,1.678209e-01,1.369072e-07,0.000000e+00,0.000000e+00,5.958715e+00,5.244210e-06,1.678214e-01,1.476995e-07,7.352599e-01,8.251243e-06,9.999906e-01,1.038132e-07,5.906141e+01,1.032729e-04,1.703333e-01,5.473615e-06
4.000000e+00,5.489382e-01,2.229041e-05,2.089333e+01,4.923370e-04,1.727107e-01,1.004248e-05,7.984017e-01,7.680565e-06,3.823944e+01,4.663992e-04,1.687041e-01,7.081497e-06,1.858699e-05,4.425860e-07,5.795402e+00,3.019053e-05,1.725474e-01,8.932668e-07,1.936200e-05,4.715052e-07,5.793905e+00,3.348311e-05,1.725918e-01,9.987411e-07,2.499409e-05,4.900887e-07,5.794087e+00,2.621635e-05,1.725854e-01,7.717341e-07,0.000000e+00,0.000000e+00,5.966360e+00,4.130330e-06,1.676064e-01,1.160284e-07,0.000000e+00,0.000000e+00,5.966355e+00,4.563195e-06,1.676065e-01,1.281923e-07,0.000000e+00,0.000000e+00,5.966365e+00,3.704862e-06,1.676062e-01,1.040761e-07,0.000000e+00,0.000000e+00,5.966381e+00,3.558089e-06,1.676058e-01,9.995242e-08,0.000000e+00,0.000000e+00,5.961339e+00,4.984239e-06,1.677476e-01,1.402561e-07,0.000000e+00,0.000000e+00,5.961257e+00,5.057338e-06,1.677499e-01,1.423125e-07,0.000000e+00,0.000000e+00,5.961319e+00,4.481704e-06,1.677481e-01,1.261147e-07,7.485090e-01,7.922041e-06,9.999937e-01,6.615340e-08,5.913277e+01,7.404925e-05,1.701196e-01,5.474082e-06
4.200000e+00,5.689585e-01,1.604584e-05,2.100570e+01,6.858846e-04,1.723703e-01,9.232179e-06,8.083455e-01,6.531372e-06,3.818702e+01,6.460682e-04,1.686330e-01,5.430584e-06,1.181695e-05,3.909857e-07,5.810180e+00,2.441820e-05,1.721097e-01,7.388649e-07,1.841385e-05,5.184886e-07,5.809007e+00,3.297305e-05,1.721433e-01,9.611273e-07,1.700731e-05,4.907024e-07,5.809086e+00,3.714646e-05,1.721412e-01,1.114917e-06,0.000000e+00,0.000000e+00,5.968434e+00,4.135703e-06,1.675481e-01,1.160994e-07,0.000000e+00,0.000000e+00,5.968449e+00,3.821052e-06,1.675477e-01,1.072667e-07,0.000000e+00,0.000000e+00,5.968425e+00,4.350033e-06,1.675484e-01,1.221157e-07,0.000000e+00,0.000000e+00,5.968448e+00,3.606718e-06,1.675477e-01,1.012486e-07,0.000000e+00,0.000000e+00,5.963561e+00,4.080858e-06,1.676850e-01,1.147472e-07,0.000000e+00,0.000000e+00,5.963493e+00,4.809902e-06,1.676869e-01,1.352475e-07,0.000000e+00,0.000000e+00,5.963641e+00,4.078546e-06,1.676828e-01,1.146779e-07,7.604681e-01,7.064321e-06,9.999953e-01,6.992050e-08,5.919272e+01,7.353986e-05,1.699590e-01,5.096881e-06
4.400000e+00,5.874688e-01,1.783339e-05,2.111040e+01,5.277337e-04,1.719665e-01,8.785205e-06,8.173487e-01,7.075630e-06,3.813568e+01,5.253953e-04,1.685908e-01,6.672639e-06,9.586657e-06,2.806702e-07,5.823681e+00,3.027871e-05,1.717111e-01,8.705707e-07,5.599641e-06,2.015339e-07,5.822576e+00,2.728207e-05,1.717443e-01,8.002470e-07,9.192891e-06,2.573232e-07,5.822264e+00,2.576422e-05,1.717529e-01,7.605334e-07,0.000000e+00,0.000000e+00,5.970232e+00,3.780632e-06,1.674977e-01,1.060684e-07,0.000000e+00,0.000000e+00,5.970253e+00,3.207548e-06,1.674971e-01,8.998984e-08,0.000000e+00,0.000000e+00,5.970294e+00,4.891950e-06,1.674959e-01,1.372452e-07,0.000000e+00,0.000000e+00,5.970258e+00,3.940453e-06,1.674969e-01,1.105516e-07,0.000000e+00,0.000000e+00,5.965433e+00,4.628660e-06,1.676324e-01,1.300676e-07,0.000000e+00,0.000000e+00,5.965498e+00,4.252419e-06,1.676306e-01,1.194919e-07,0.000000e+00,0.000000e+00,5.965595e+00,3.591239e-06,1.676279e-01,1.009127e-07,7.713728e-01,7.291299e-06,9.999976e-01,5.176771e-08,5.924609e+01,6.288403e-05,1.697935e-01,5.514979e-06
4.600000e+00,6.044766e-01,1.705621e-05,2.120319e+01,4.951119e-04,1.716166e-01,7.605821e-06,8.255482e-01,6.222531e-06,3.808999e+01,4.971046e-04,1.685437e-01,6.623218e-06,5.411451e-06,1.752811e-07,5.835183e+00,2.348124e-05,1.713733e-01,6.822584e-07,4.203295e-06,2.506447e-07,5.834298e+00,2.711807e-05,1.713995e-01,7.873151e-07,6.195977e-06,2.061416e-07,5.834124e+00,2.229078e-05,1.714043e-01,6.511868e-07,0.000000e+00,0.000000e+00,5.971897e+00,3.850910e-06,1.674510e-01,1.079797e-07,0.000000e+00,0.000000e+00,5.971930e+00,4.756405e-06,1.674501e-01,1.333662e-07,0.000000e+00,0.000000e+00,5.971903e+00,3.880988e-06,1.674508e-01,1.088239e-07,0.000000e+00,0.000000e+00,5.971883e+00,3.429396e-06,1.674514e-01,9.616130e-08,0.000000e+00,0.000000e+00,5.967228e+00,3.825972e-06,1.675820e-01,1.074489e-07,0.000000e+00,0.000000e+00,5.967356e+00,4.187091e-06,1.675784e-01,1.175849e-07,0.000000e+00,0.000000e+00,5.967377e+00,3.282005e-06,1.675778e-01,9.216403e-08,7.813339e-01,6.723578e-06,9.999984e-01,4.180987e-08,5.929318e+01,6.349982e-05,1.696425e-01,5.320626e-06
4.800000e+00,6.200145e-01,1.737889e-05,2.129167e+01,5.732940e-04,1.713284e-01,9.143432e-06,8.331465e-01,6.168705e-06,3.804126e+01,5.502077e-04,1.684271e-01,6.740560e-06,4.820180e-06,2.386451e-07,5.844956e+00,3.064084e-05,1.710869e-01,9.037080e-07,3.599892e-06,1.796462e-07,5.843441e+00,2.405521e-05,1.711314e-01,7.064069e-07,7.212406e-06,2.527442e-07,5.844184e+00,2.833100e-05,1.711091e-01,8.210161e-07,0.000000e+00,0.000000e+00,5.973457e+00,3.018553e-06,1.674072e-01,8.459596e-08,0.000000e+00,0.000000e+00,5.973356e+00,3.285625e-06,1.674101e-01,9.208237e-08,0.000000e+00,0.000000e+00,5.973368e+00,2.960278e-06,1.674098e-01,8.296386e-08,0.000000e+00,0.000000e+00,5.973349e+00,2.717382e-06,1.674103e-01,7.615846e-08,0.000000e+00,0.000000e+00,5.968881e+00,3.269232e-06,1.675356e-01,9.176359e-08,0.000000e+00,0.000000e+00,5.968931e+00,3.509174e-06,1.675342e-01,9.849455e-08,0.000000e+00,0.000000e+00,5.969002e+00,3.436788e-06,1.675322e-01,9.646092e-08,7.905201e-01,6.582834e-06,9.999984e-01,4.090889e-08,5.933293e+01,6.953002e-05,1.694681e-01,5.454654e-06
5.000000e+00,6.345097e-01,1.846080e-05,2.135321e+01,6.145479e-04,1.711645e-01,1.047595e-05,8.401055e-01,5.111831e-06,3.801603e+01,6.010796e-04,1.682391e-01,6.093588e-06,2.806857e-06,1.676937e-07,5.853758e+00,2.392467e-05,1.708300e-01,7.016031e-07,2.405390e-06,1.283146e-07,5.852609e+00,2.632003e-05,1.708636e-01,7.731314e-07,4.009395e-06,2.307887e-07,5.852816e+00,2.359523e-05,1.708572e-01,7.014873e-07,0.000000e+00,0.000000e+00,5.974669e+00,2.954253e-06,1.673733e-01,8.276060e-08,0.000000e+00,0.000000e+00,5.974687e+00,3.513895e-06,1.673728e-01,9.843624e-08,0.000000e+00,0.000000e+00,5.974705e+00,3.825388e-06,1.673723e-01,1.071630e-07,0.000000e+00,0.000000e+00,5.974720e+00,2.263577e-06,1.673719e-01,6.340954e-08,0.000000e+00,0.000000e+00,5.970387e+00,3.585722e-06,1.674933e-01,1.005947e-07,0.000000e+00,0.000000e+00,5.970407e+00,3.662505e-06,1.674928e-01,1.027462e-07,0.000000e+00,0.000000e+00,5.970485e+00,4.059496e-06,1.674906e-01,1.138807e-07,7.989864e-01,5.644233e-06,9.999991e-01,3.724024e-08,5.936924e+01,5.880914e-05,1.692911e-01,4.857686e-06
